mismatches,youngblood,FIFO,usability,substitution,today,antibodies
0.5454545454545454,0.36363636363636365,0.2727272727272727,0.0,0.36363636363636365,0.0,33.0
